Method,Average Error (m),Cumulative Error (m)
Compass (Traditional),29.750296361353012,238.0023708908241
Gyro (Traditional),29.795397330613124,238.363178644905
