Method,Heading Error (°),Position Error (m)
Traditional,19.34969437724949,16.755957809607043
Fusion Model,30.60828260683152,16.77855703315387
