Method,Heading MAE,Position Error
Gyro Traditional,58.41916018877196,16.755957809607043
Gyro Advanced,125.64187983129048,19.907471365107625
Compass Traditional,50.773156003787705,16.755609905266965
Compass Advanced,96.65700293125543,17.193966446065556
