Method,Heading Error (°),Position Error (m)
Traditional,19.34969437724949,16.755957809607043
Fusion Model,24.312462048484672,16.820371863270175
