Method,MAE,RMSE
Gyro - Traditional,97.9722364789834,161.93516615583948
Gyro - LSTM,95.64372430101197,140.22467993676827
Compass - Traditional,217.18294137450636,251.96759033485841
Compass - LSTM,115.38066651605256,160.67536037244346
