Method,Heading Error (°),Position Error (m)
Traditional,19.34969437724949,16.755957809607043
Fusion Model,29.563177509934953,16.764977030360456
