Quasi_Static_Interval_Number,Compass_Heading,Compass_Heading_Mean_No_Outliers,True_Heading,True_Heading_Mean_No_Outliers,Abs_Difference,Abs_Difference_From_Avg
1,5.596397322222218,4.784753987499997,12.885887056643298,12.885887056643298,7.28948973442108,49.49043059247618
2,271.526496625,271.52649662500005,285.5112043799518,285.5112043799518,13.984707754951785,42.79521257194548
3,8.378073800000005,8.378073800000005,204.58289863335102,204.58289863335102,196.204824833351,139.42490450645374
4,13.376413400000013,13.376413400000013,7.599820136054973,7.599820136054973,5.77659326394504,51.00332706295222
5,289.8794102173913,287.25182251219513,229.2354241695739,290.80086973444014,60.64398604781741,3.864065720920145
