Method,Heading Error (°),Position Error (m)
Traditional,57.74185464219253,30.69383082276387
Fusion Model,10.369697265149172,30.697849672046917
