Method,Average Error (m),Cumulative Error (m)
Gyro,4.076417366240198,1263.6893835344615
Compass,4.122074837460044,1277.8431996126137
