Method,Mean_Error,Median_Error,Max_Error,Std_Dev,Improvement_over_Compass_%,Improvement_over_Gyro_%
Corrected Compass,6.276785504131271,6.270796621356832,10.198536633219923,2.84009492241277,,
Corrected Gyro,18.803660630731468,21.012011071249617,43.620940362601836,11.116695787847148,,
LSTM Fused,3.554273752572714,3.17137027013896,6.26917286385947,1.5071830499321244,43.374299627837324,81.09796904777231
