Method,Average Error (m),Cumulative Error (m)
Compass (Traditional),16.787500014180747,285.3875002410727
Gyro (Traditional),16.756592751450317,284.8620767746554
