Method,Mean Error (m),Max Error (m),Final Error (m)
Gyro,6.110149781934501,11.067679981089757,11.067679981089757
Compass,20.890015318342904,40.23171126812792,40.23171126812792
